order_id,order_date,ship_date,customer,manufactory,product_name,segment,category,subcategory,region,zip,city,state,country,discount,profit,quantity,sales,profit_margin,ProductID,Cost,CustomerID,SalesChannel,ReturnRate,MarketingSpend,Revenue,InventoryLevel,SupplierID
US-2021-100001,12/31/2022,01/03/2023,Thomas Thornton,BIC,Xerox 1935,Consumer,Office Supplies,Binders,South,6450,Huntsville,Massachusetts,United States,0.33900791337990555,401.6995207680315,3,84.1620305750584,0.08218896641585893,1413,887.0911021272055,CUST28910,Wholesale,0.10207423105334182,254.32379861055279,1604.3667406708757,298,SUP3413
US-2021-100002,01/01/2023,01/04/2023,Tiffany House,Hon,Global Deluxe Steno Chair,Consumer,Technology,Binders,Central,85635,Philadelphia,New York,United States,0.005695220571196813,-76.76842112956423,1,267.9025274193621,0.025236829601158806,1496,418.2013559628701,CUST25801,Wholesale,0.005261145512964905,119.06310498683402,1351.0666548533866,199,SUP8296
US-2021-100003,01/02/2023,01/05/2023,Zuschuss Donatelli,GBC,Xerox 1898,Consumer,Office Supplies,Storage,Central,10035,Costa Mesa,Illinois,United States,0.24144103044253573,360.21606795836647,8,326.33253294843735,-0.3180489122740524,469,896.6933951002497,CUST28394,Wholesale,0.0795240777407287,119.03389453247922,1779.8605551418461,93,SUP2364
US-2021-100004,01/03/2023,01/06/2023,Bryan Davis,Avery,Newell 314,Corporate,Office Supplies,Phones,East,90004,Roswell,California,United States,0.28079708192657193,385.3664437097138,6,935.8577289565771,-0.4077518148827648,1634,106.90446479516018,CUST74097,Online,0.13001358766599444,286.3932025995822,521.2979752423767,270,SUP4960
US-2021-100005,01/04/2023,01/07/2023,Sanjit Jacobs,Other,"Acco Flexible ACCOHIDE Square Ring Data Binder, Dark Blue, 11 1/2"" X 14"" 7/8""",Consumer,Office Supplies,Storage,West,10024,Trenton,Tennessee,United States,0.39193366497147286,125.80334670922088,1,962.09866543665,-0.19974622434297007,342,780.4873830607347,CUST81338,Offline,0.1370234190394727,58.23189767430536,489.65228599661555,249,SUP8136
US-2021-100006,01/05/2023,01/08/2023,Roy Phan,Binney & Smith,"Lesro Round Back Collection Coffee Table, End Table",Home Office,Technology,Labels,Central,95928,Philadelphia,Minnesota,United States,0.3842244680407146,481.2304091107229,4,37.23688181439078,0.1793954062391464,123,567.8291945181466,CUST58196,Offline,0.15816934395437998,173.4807783643593,1936.0134201045275,182,SUP3331
US-2021-100007,01/06/2023,01/09/2023,Vicky Freymann,GBC,Clarity 53712,Corporate,Furniture,Paper,South,89031,Westminster,Michigan,United States,0.20976551365912033,380.46670842647376,9,555.8339853904653,0.01936496568186441,1755,154.35375063346905,CUST51151,Wholesale,0.1520782201614697,322.82396615931293,1621.7839979276896,206,SUP9259
US-2021-100008,01/07/2023,01/10/2023,Tamara Manning,Deflect-o,Memorex Micro Travel Drive 4 GB,Consumer,Technology,Paper,West,10035,Philadelphia,Ohio,United States,0.15246303499048325,311.02350363614124,7,809.7206322284052,0.13592230014663353,1758,627.2667730263327,CUST98938,Offline,0.17929801619804145,194.99706965541714,800.1230366039933,324,SUP1093
US-2021-100009,01/08/2023,01/11/2023,Mark Packer,Message Book,Xerox 1975,Consumer,Office Supplies,Supplies,East,90049,Los Angeles,Tennessee,United States,0.18311541616956278,321.44629991304566,4,350.7401318148167,0.3710875894235399,58,584.0459145914352,CUST20269,Offline,0.14398540017585237,158.23856305879733,1533.9328762289504,380,SUP6945
US-2021-100010,01/09/2023,01/12/2023,Tony Molinari,Other,"Situations Contoured Folding Chairs, 4/Set",Consumer,Office Supplies,Accessories,South,62521,Chicago,California,United States,0.07526569135905892,295.27459504161726,8,947.1942625583129,0.49186350901976095,1214,440.4388107699877,CUST66699,Offline,0.019472307712201077,386.9368594496498,1751.8585764685338,412,SUP8858
US-2021-100011,01/10/2023,01/13/2023,Evan Henry,Hon,Kensington 6 Outlet SmartSocket Surge Protector,Corporate,Office Supplies,Paper,South,80906,Seattle,Alabama,United States,0.05172216160676718,112.27087213582075,4,59.13232207234124,-0.009799918547687247,1707,567.1953583401421,CUST11896,Online,0.031202969958551166,442.02253276476137,1590.86101566778,270,SUP6098
US-2021-100012,01/11/2023,01/14/2023,Sibella Parks,Other,"Fellowes Premier Superior Surge Suppressor, 10-Outlet, With Phone and Remote",Home Office,Furniture,Chairs,East,48227,New York City,Texas,United States,0.32650612693418574,447.78321226128014,7,602.830431385267,0.03661165807059519,1311,240.00918347958398,CUST19079,Wholesale,0.15214193875439186,71.06135231388964,167.71766201172966,366,SUP6164
US-2021-100013,01/12/2023,01/15/2023,Robert Marley,Other,"Eberhard Faber 3 1/2"" Golf Pencils",Corporate,Furniture,Storage,Central,7501,Freeport,California,United States,0.21735729215628957,487.10933147517085,4,88.67540163786187,-0.39753768436044323,1519,50.72973363330444,CUST90985,Offline,0.036985333410592736,113.21692558190335,-117.95326030272884,419,SUP6954
US-2021-100014,01/13/2023,01/16/2023,Maria Etezadi,Other,Avery Hi-Liter Smear-Safe Highlighters,Home Office,Office Supplies,Labels,West,78207,Lakewood,Maine,United States,0.1213117272236236,99.02278552584778,3,926.964302985057,-0.31626066611643944,1355,644.1633059354101,CUST77127,Offline,0.14975835758884679,126.85866403103823,1920.5030582807094,237,SUP2936
US-2021-100015,01/14/2023,01/17/2023,Evan Bailliet,GBC,Xerox 2,Home Office,Office Supplies,Appliances,Central,10011,Monroe,New York,United States,0.022558038653597123,269.9205440878988,9,755.3416803584709,-0.27105537655605316,1820,15.623689481284243,CUST79932,Offline,0.05312230441981576,335.23191450461644,921.528721435993,222,SUP7220
US-2021-100016,01/15/2023,01/18/2023,Duane Noonan,Hon,Luxo Professional Fluorescent Magnifier Lamp with Clamp-Mount Base,Home Office,Office Supplies,Storage,West,76706,Huntsville,Tennessee,United States,0.4600889732617252,451.6705014738611,5,51.36050467720396,0.05157564730540054,403,648.3894087144657,CUST80840,Wholesale,0.18043824979935835,32.064072654644264,165.0046973326738,14,SUP6458
US-2021-100017,01/16/2023,01/19/2023,Matthew Grinstein,Fellowes,Anker Ultra-Slim Mini Bluetooth 3.0 Wireless Keyboard,Home Office,Office Supplies,Copiers,South,10024,Pasadena,Pennsylvania,United States,0.34552160440344065,454.8371923395299,4,649.8485849778717,0.24046051016757208,183,567.3524142678432,CUST45148,Online,0.08879758656301467,10.257105956442238,1415.9068160483093,6,SUP6247
US-2021-100018,01/17/2023,01/20/2023,Ken Black,Nortel,Southworth Parchment Paper & Envelopes,Consumer,Furniture,Labels,West,77095,Pasadena,Washington,United States,0.43396698785421906,163.06061517092132,6,848.751066922316,0.1408384424951784,744,78.1071751225653,CUST13137,Wholesale,0.051624331597056754,412.1206912526452,741.5192675934771,152,SUP9897
US-2021-100019,01/18/2023,01/21/2023,Maurice Satty,DAX,Avery 498,Home Office,Office Supplies,Art,West,84062,Carrollton,Maryland,United States,0.17260615661286194,456.1006131220572,9,298.24708013552555,-0.09198034115414921,238,443.72783249984076,CUST12175,Offline,0.07483598959540783,226.8440709809011,599.432696176453,264,SUP3211
US-2021-100020,01/19/2023,01/22/2023,Kristen Hastings,Master Caster,Avery 518,Corporate,Technology,Furnishings,Central,98115,Stockton,Georgia,United States,0.29956788133375983,461.7570166491821,9,101.74192558345368,0.1367817356909662,1847,519.3638350306425,CUST13966,Online,0.1210210847268552,69.95334645919982,388.9586971011105,21,SUP9191
US-2021-100021,01/20/2023,01/23/2023,Eric Murdock,Avery,"Adams Phone Message Book, 200 Message Capacity, 8 1/16” x 11”",Consumer,Technology,Phones,Central,43229,Los Angeles,Maryland,United States,0.31590227304552077,73.2989087539226,5,139.00469541243163,-0.21120647503285683,367,229.8596869078444,CUST74222,Online,0.10339395359368855,40.01457820139677,1458.4172649951865,10,SUP3552
US-2021-100022,01/21/2023,01/24/2023,Sylvia Foulston,Belkin,"Wilson Jones Ledger-Size, Piano-Hinge Binder, 2"", Blue",Consumer,Office Supplies,Binders,Central,3301,Danville,Kentucky,United States,0.4354784527547119,473.0630578631309,2,171.98825564085453,-0.4591527421980791,411,585.0985769093581,CUST63919,Wholesale,0.19892057440910718,174.03690389376396,327.9149229085334,25,SUP1039
US-2021-100023,01/22/2023,01/25/2023,Laura Armstrong,Howard Miller,Wasp CCD Handheld Bar Code Reader,Consumer,Office Supplies,Chairs,East,43017,Seattle,Illinois,United States,0.09396595595052698,3.4277321593886256,5,976.1955286841061,-0.036953838396795,168,65.77408790525071,CUST97269,Offline,0.061688854165550505,208.82991145894817,1650.6506484439485,393,SUP8881
US-2021-100024,01/23/2023,01/26/2023,Zuschuss Donatelli,Global,Martin-Yale Premier Letter Opener,Home Office,Office Supplies,Furnishings,Central,90301,Philadelphia,California,United States,0.0655021271059551,85.78886676804632,3,57.962785698169824,-0.455283892213148,1804,174.01150277125993,CUST82803,Online,0.02521745030140157,295.70213598144875,1525.761635239878,345,SUP9134
US-2021-100025,01/24/2023,01/27/2023,Rick Wilson,Logitech,"Iceberg Nesting Folding Chair, 19w x 6d x 43h",Consumer,Office Supplies,Furnishings,West,10009,Seattle,Washington,United States,0.18423839248575952,200.44122324065467,7,311.7700334539631,-0.4271741745436539,412,355.4173839726969,CUST72369,Online,0.18725060540402486,220.71375219442828,1603.2869517617669,162,SUP6176
US-2021-100026,01/25/2023,01/28/2023,Sue Ann Reed,iOttie,"Hon Practical Foundations 30 x 60 Training Table, Light Gray/Charcoal",Corporate,Furniture,Binders,East,90045,Philadelphia,Texas,United States,0.07345807825845635,408.11052767212385,1,367.35972715749,-0.1094003057644295,1586,54.60360151780351,CUST92783,Online,0.06742697404591823,314.44051409641645,699.9893696012173,328,SUP4095
US-2021-100027,01/26/2023,01/29/2023,Maribeth Yedwab,Hoover,"Tennsco Snap-Together Open Shelving Units, Starter Sets and Add-On Units",Corporate,Furniture,Paper,West,94122,New York City,Oregon,United States,0.4317691834855198,360.2878753110751,6,617.5982561903488,0.16838627047903243,865,162.35640229956041,CUST35154,Wholesale,0.09318810365592463,10.23599745206567,1867.5939984794654,429,SUP4509
US-2021-100028,01/27/2023,01/30/2023,Max Ludwig,Newell,Peel & Stick Add-On Corner Pockets,Home Office,Office Supplies,Chairs,Central,32216,Loveland,Illinois,United States,0.14520161291289108,434.4831150223041,6,892.2594638826719,0.05230962550364171,1346,791.5439825342804,CUST74294,Wholesale,0.059192826104297325,186.2131201096507,1211.0684591703082,70,SUP9035
US-2021-100029,01/28/2023,01/31/2023,Tracy Hopkins,Advantus,"Master Caster Door Stop, Large Neon Orange",Consumer,Furniture,Tables,West,90049,Columbia,Pennsylvania,United States,0.040435391652488994,-16.505315713860085,7,955.0199654901301,0.06528310374360125,1767,148.94151942933476,CUST65971,Wholesale,0.08483659975696463,315.30582516203333,515.8069136974818,247,SUP2405
US-2021-100030,01/29/2023,02/01/2023,Dean Braden,Canon,"SimpliFile Personal File, Black Granite, 15w x 6-15/16d x 11-1/4h",Corporate,Office Supplies,Envelopes,Central,11572,Seattle,California,United States,0.2391670310915079,160.99851087466755,5,675.5916420257923,-0.4378912418025803,702,692.0401726079591,CUST52569,Wholesale,0.19913346019115993,96.09286891806646,580.1037300920015,184,SUP4508
US-2021-100031,01/30/2023,02/02/2023,Lisa DeCherney,Maxell,Rosewill 107 Normal Keys USB Wired Standard Keyboard,Corporate,Technology,Tables,South,77036,Cranston,New York,United States,0.24274352334638888,487.8805353286899,7,259.9595757527109,-0.13985730631846505,64,533.28045883871,CUST95887,Wholesale,0.11128212932072144,276.6020776182972,1202.0918896746998,130,SUP2297
US-2021-100032,01/31/2023,02/03/2023,Valerie Dominguez,Other,"Sortfiler Multipurpose Personal File Organizer, Black",Consumer,Technology,Chairs,South,90004,Tucson,Arizona,United States,0.23005771940910041,26.728614287139038,8,359.8320284172054,-0.13934735795412878,467,318.00133394124254,CUST40366,Offline,0.17072587334790357,164.70142588576866,1961.6259971625805,471,SUP1312
US-2021-100033,02/01/2023,02/04/2023,Patrick Gardner,Newell,Newell 312,Consumer,Technology,Appliances,West,90049,Tucson,Texas,United States,0.12932464523948123,-71.8291265393477,9,304.6892614832356,0.35901247398095504,877,885.6683811014773,CUST20251,Online,0.053585224189181525,386.34082677003437,527.2587913163678,221,SUP9681
US-2021-100034,02/02/2023,02/05/2023,Frank Olsen,Westinghouse,"Master Caster Door Stop, Brown",Consumer,Furniture,Art,East,93010,Los Angeles,Georgia,United States,0.05892415729796302,401.0443897445658,8,458.9524132718082,-0.33826227079196236,1815,928.0153179998648,CUST18202,Offline,0.11911521212509313,367.22093624161727,808.4827790011983,369,SUP2394
US-2021-100035,02/03/2023,02/06/2023,Dario Medina,Belkin,"Office Star - Contemporary Task Swivel chair with Loop Arms, Charcoal",Consumer,Furniture,Phones,West,10035,Jonesboro,Illinois,United States,0.01832779838398646,333.4806785365353,3,185.6564526785601,0.11793407605372985,1734,319.5629497809621,CUST59136,Online,0.12736755042881717,450.0585071121182,96.50259686341883,208,SUP4761
US-2021-100036,02/04/2023,02/07/2023,Noel Staavos,Xerox,"Lifetime Advantage Folding Chairs, 4/Carton",Consumer,Furniture,Phones,East,4401,Eugene,South Dakota,United States,0.31012684334736973,301.64334869075367,8,747.8486473547871,-0.09571710654262544,1507,709.7811417037385,CUST91472,Wholesale,0.19505810290727799,74.78559103930067,349.1451879494325,428,SUP4794
US-2021-100037,02/05/2023,02/08/2023,Valerie Dominguez,Fellowes,Seidio BD2-HK3IPH5-BK DILEX Case and Holster Combo for Apple iPhone 5/5s - Black,Consumer,Office Supplies,Storage,South,77041,Franklin,California,United States,0.39785417107001086,170.08999138395257,3,269.581872308457,-0.2682896789132635,48,64.18499176094976,CUST51360,Online,0.17801890478609916,228.5351192634988,1487.89690119214,277,SUP7210
US-2021-100038,02/06/2023,02/09/2023,Tamara Manning,Memorex,"Chromcraft Bull-Nose Wood Round Conference Table Top, Wood Base",Consumer,Technology,Binders,Central,55901,Columbia,Tennessee,United States,0.22550848114648908,496.2592113721962,4,515.1075767146147,-0.11500923562901522,1696,835.1193096545237,CUST36484,Wholesale,0.12894641293603537,419.77862133928784,1619.2873568711682,8,SUP8835
US-2021-100039,02/07/2023,02/10/2023,Rob Haberlin,Cisco,Nu-Dell Executive Frame,Corporate,Office Supplies,Storage,East,19120,Newark,California,United States,0.4066594508813958,73.01648216514445,1,93.33677197306798,0.07488523210585107,1058,990.2867264133014,CUST59710,Offline,0.0316564322261059,73.34464684025329,1608.094044132539,133,SUP3317
US-2021-100040,02/08/2023,02/11/2023,Mick Brown,Luxo,Logitech G602 Wireless Gaming Mouse,Consumer,Office Supplies,Binders,East,43055,San Francisco,Michigan,United States,0.3546483721350311,172.00697332200212,1,727.3930455028404,-0.04598266299797016,1321,470.70039696550634,CUST91679,Wholesale,0.195644324953953,499.7444393948636,-136.27800640548045,223,SUP1075
US-2021-100041,02/09/2023,02/12/2023,Patrick O'Donnell,Maxell,GBC VeloBinder Manual Binding System,Home Office,Furniture,Paper,West,77041,New York City,New York,United States,0.15859847938980842,381.028754377564,7,624.8502674924749,-0.030279252159423287,92,908.1546515886105,CUST89637,Wholesale,0.1907835547930528,281.28948348610106,318.26325923529987,413,SUP7647
US-2021-100042,02/10/2023,02/13/2023,Bobby Elias,Eldon,Staple envelope,Consumer,Furniture,Paper,South,6484,Franklin,New York,United States,0.19574856153744413,213.6820163035461,3,693.0261589042918,0.4219003665994441,1458,345.13381522315325,CUST71411,Offline,0.16948463511780099,276.5593687336342,1497.585088705543,14,SUP3835
US-2021-100043,02/11/2023,02/14/2023,Nick Crebassa,Tennsco,"RSVP Cards & Envelopes, Blank White, 8-1/2"" X 11"", 24 Cards/25 Envelopes/Set",Consumer,Furniture,Storage,Central,75217,El Paso,California,United States,0.14357739896360255,315.40090977930305,7,805.5779011158616,-0.2649614740509334,1596,625.1841876255949,CUST77304,Online,0.07708144448766618,443.1392906951882,-81.32757483094754,192,SUP1387
US-2021-100044,02/12/2023,02/15/2023,Chloris Kastensmidt,Other,Bestar Classic Bookcase,Corporate,Office Supplies,Accessories,Central,77070,Milwaukee,Oklahoma,United States,0.3143409211487825,12.397700931053322,4,663.3350600626754,0.3258593881174091,218,298.72033457304354,CUST47389,Offline,0.015583726630022188,317.23178334141244,1341.7779985239852,237,SUP2962
US-2021-100045,02/13/2023,02/16/2023,Jack Garza,Avery,KI Adjustable-Height Table,Consumer,Furniture,Labels,Central,10011,San Francisco,New York,United States,0.024386658954738683,354.65494787475785,8,449.87007293023447,0.10605314871893912,723,477.9172591690631,CUST50854,Online,0.059364464158694986,352.6822855613983,1216.1593013316888,206,SUP6958
US-2021-100046,02/14/2023,02/17/2023,Jason Gross,Xerox,"Tenex Traditional Chairmats for Hard Floors, Average Lip, 36"" x 48""",Consumer,Office Supplies,Furnishings,West,94110,New York City,Pennsylvania,United States,0.4341773404251747,385.576880021391,9,853.7582203301306,0.11825179585618506,1549,844.4877074440124,CUST10697,Wholesale,0.1503654833488366,37.80688883524419,1728.3450604996,233,SUP6661
US-2021-100047,02/15/2023,02/18/2023,Russell Applegate,Xerox,Self-Adhesive Address Labels for Typewriters by Universal,Corporate,Office Supplies,Furnishings,South,27511,Louisville,California,United States,0.17269495016569808,248.09119325055076,5,39.021098166530976,0.38655498399070054,1732,759.718066719434,CUST14215,Wholesale,0.08290633979343985,33.90131913839502,-42.24042630588713,81,SUP8525
US-2021-100048,02/16/2023,02/19/2023,Sally Hughsby,Avery,Xerox 1962,Corporate,Office Supplies,Storage,East,94122,Providence,Florida,United States,0.4901464930970184,94.69284045471323,7,322.29916238201656,0.2670434549137194,238,772.1525209686998,CUST25446,Wholesale,0.18119207416526018,21.61786516458851,1384.3507539684047,117,SUP6342
US-2021-100049,02/17/2023,02/20/2023,Susan Vittorini,Other,Petty Cash Envelope,Consumer,Technology,Accessories,West,19711,Tampa,New York,United States,0.2154047448232752,242.5850079638438,4,336.076664077607,0.44102725334255377,1249,863.7278825923406,CUST31022,Offline,0.02582108775585088,438.47644538115077,910.5634650088923,468,SUP6008
US-2021-100050,02/18/2023,02/21/2023,Shahid Collister,Eldon,Hon 2111 Invitation Series Corner Table,Consumer,Technology,Chairs,Central,10550,Columbus,Florida,United States,0.13069976172126324,-5.207489755927369,1,14.864664239282288,0.16359295469001833,971,296.0112794473313,CUST66802,Wholesale,0.07331476437684135,309.3938962056782,1918.9294019029649,455,SUP7842
US-2021-100051,02/19/2023,02/22/2023,Ryan Crowe,Staple envelope,Wilson Jones Legal Size Ring Binders,Consumer,Office Supplies,Paper,East,53209,Philadelphia,Minnesota,United States,0.14310985797607734,169.36905347787751,9,120.44359919548779,0.37948088851948614,847,245.6178286584049,CUST95529,Offline,0.11585026535325288,258.1435963313347,545.2333659157086,492,SUP4624
US-2021-100052,02/20/2023,02/23/2023,Frank Carlisle,Other,"Safco Value Mate Steel Bookcase, Baked Enamel Finish on Steel, Black",Consumer,Technology,Accessories,South,90045,Lawrence,Michigan,United States,0.3776041831349242,-28.418835806207383,1,104.19397623013154,0.33545434424240805,178,521.9896053075615,CUST29255,Online,0.1561631538157353,333.58619801501214,-22.05199454985336,79,SUP7326
US-2021-100053,02/21/2023,02/24/2023,Trudy Glocke,Chromcraft,"DAX Copper Panel Document Frame, 5 x 7 Size",Home Office,Office Supplies,Accessories,East,90032,Pasadena,New York,United States,0.23734251645037435,-55.18872226514042,2,824.1838742691973,0.25385984903962155,500,924.4449620177637,CUST19003,Offline,0.018789529820347473,112.51682765101188,1015.6343528819759,373,SUP1823
US-2021-100054,02/22/2023,02/25/2023,Bruce Degenhardt,GBC,"Wirebound Message Books, Four 2 3/4"" x 5"" Forms per Page, 600 Sets per Book",Corporate,Office Supplies,Paper,East,37167,Columbus,Connecticut,United States,0.06254015347655645,321.7361484564862,6,460.1352334535336,0.11256982264574744,603,65.89714484148166,CUST87910,Online,0.03478570307098783,343.5160325419052,1881.7451650145963,337,SUP2936
US-2021-100055,02/23/2023,02/26/2023,Mick Crebagga,Maxell,Hon 4070 Series Pagoda Armless Upholstered Stacking Chairs,Consumer,Office Supplies,Phones,South,78501,Des Moines,Texas,United States,0.48673949334949446,-67.81253520150207,8,640.9035731220121,0.2856724275031982,232,827.211395012203,CUST91584,Online,0.06991973459637293,81.65743212019515,1784.880101660058,179,SUP5060
US-2021-100056,02/24/2023,02/27/2023,Todd Boyes,Easy-staple paper,"Wilson Jones Clip & Carry Folder Binder Tool for Ring Binders, Clear",Consumer,Technology,Chairs,West,21044,Houston,Texas,United States,0.3871453463950553,-8.31537459887879,8,113.02619584641194,-0.4975364946456132,1704,690.5421263020938,CUST86341,Wholesale,0.09891213192632149,149.93214018001012,1522.6026620542273,191,SUP6275
US-2021-100057,02/25/2023,02/28/2023,John Lee,Xerox,"Acco PRESSTEX Data Binder with Storage Hooks, Dark Blue, 14 7/8"" X 11""",Home Office,Furniture,Envelopes,Central,94122,Santa Ana,California,United States,0.08905303383682128,322.6068475184954,9,81.10837995425697,-0.3220382965035071,1596,229.9922444890269,CUST11284,Online,0.06808077896863463,25.054799154387617,1992.0295623406487,251,SUP9214
US-2021-100058,02/26/2023,03/01/2023,Helen Wasserman,Other,"OIC #2 Pencils, Medium Soft",Corporate,Office Supplies,Chairs,East,60068,Spokane,California,United States,0.32782057515469815,318.94366426887666,9,556.3550535878956,0.0025423545181845197,79,341.11286717041014,CUST47720,Online,0.1835946105978082,158.49304507142185,1664.2699527833759,89,SUP2211
US-2021-100059,02/27/2023,03/02/2023,Mark Van Huff,Sanford,Canon PC-428 Personal Copier,Consumer,Furniture,Paper,Central,77041,Akron,Washington,United States,0.4365235432909849,53.25114291903259,2,229.68625280611886,0.34385882155236647,1024,23.994288295921386,CUST93518,Offline,0.1549112722949094,130.36522965294586,19.468715785141683,338,SUP8233
US-2021-100060,02/28/2023,03/03/2023,Alejandro Grove,Other,Acco Hanging Data Binders,Corporate,Office Supplies,Envelopes,Central,28314,San Francisco,Massachusetts,United States,0.05424996341335486,18.701712369109828,2,805.2650875049396,0.07054946726713995,1218,533.278126468575,CUST97618,Wholesale,0.19424411996638788,416.6312095506503,1162.241709021339,444,SUP9446
US-2021-100061,03/01/2023,03/04/2023,Ellis Ballard,Global,"Wirebound Message Books, Four 2 3/4"" x 5"" Forms per Page, 600 Sets per Book",Consumer,Technology,Paper,Central,43130,New York City,Pennsylvania,United States,0.4328912240764704,-1.9113087379641485,9,161.97091088695785,-0.17096662329394607,1771,607.5237841286717,CUST55788,Offline,0.1737150730240423,401.4439005789082,635.902844266205,59,SUP6623
US-2021-100062,03/02/2023,03/05/2023,Deborah Brumfield,GBC,"Atlantic Metals Mobile 3-Shelf Bookcases, Custom Colors",Consumer,Office Supplies,Accessories,East,90004,Escondido,New York,United States,0.259986022372375,246.8806977773342,8,544.3261826721719,-0.2782121890513386,1780,171.97165057069972,CUST98390,Wholesale,0.08758155037709459,466.7407750069627,339.1871353095262,54,SUP6753
US-2021-100063,03/03/2023,03/06/2023,David Smith,Motorola,"Howard Miller 13"" Diameter Goldtone Round Wall Clock",Consumer,Technology,Bookcases,West,94109,Seattle,Virginia,United States,0.17175400745525377,438.8474756446582,8,271.9020237082897,-0.4633244184674359,876,358.72277130284414,CUST71891,Online,0.1972872627851483,336.304555275467,1356.0930115515398,273,SUP4862
US-2021-100064,03/04/2023,03/07/2023,Helen Abelman,Global,Newell 330,Consumer,Office Supplies,Paper,East,90049,Tampa,New York,United States,0.2761739337732842,464.0467015867922,5,683.4929120992651,0.4884500545673416,1692,87.20946849549557,CUST98252,Wholesale,0.13067794577903513,121.53244952828706,286.99281908017633,136,SUP4215
US-2021-100065,03/05/2023,03/08/2023,Nat Gilpin,Avery,"Howard Miller 11-1/2"" Diameter Brentwood Wall Clock",Home Office,Office Supplies,Chairs,Central,44134,San Francisco,Ohio,United States,0.02772080125789894,245.32778174018142,6,314.6682405753214,-0.39361951836860853,1458,320.058210319364,CUST40523,Wholesale,0.051854854533988415,465.6020192073577,1456.321083512157,432,SUP5331
US-2021-100066,03/06/2023,03/09/2023,Maria Etezadi,Other,"Deflect-o DuraMat Lighweight, Studded, Beveled Mat for Low Pile Carpeting",Home Office,Furniture,Supplies,South,60623,Redlands,California,United States,0.1871699731456477,-45.01735812751628,7,875.9575225393935,0.017444940718375546,135,280.66540827467054,CUST50298,Wholesale,0.008265121079927074,272.11179055491226,1868.4481167550653,457,SUP9912
US-2021-100067,03/07/2023,03/10/2023,Sandra Flanagan,GBC,Xerox 1965,Consumer,Office Supplies,Accessories,Central,19120,Salem,Virginia,United States,0.30162750929737614,272.59112650665776,5,975.2281993422206,-0.02984557296750312,951,376.05162298620974,CUST37341,Online,0.04236688148256904,18.299338492501363,1182.7279040380033,141,SUP5672
US-2021-100068,03/08/2023,03/11/2023,Greg Tran,Boston,Wireless Extenders zBoost YX545 SOHO Signal Booster,Consumer,Furniture,Phones,South,43229,New York City,Delaware,United States,0.46492978959638764,134.91285549166935,1,225.46786183232436,0.41746418247740824,1817,581.9751414832783,CUST35161,Offline,0.06655843219088645,81.6071285512974,1469.8216992945838,461,SUP8810
US-2021-100069,03/09/2023,03/12/2023,Kunst Miller,Grandstream,Fellowes PB300 Plastic Comb Binding Machine,Consumer,Technology,Furnishings,Central,92374,Great Falls,Washington,United States,0.06168281178222035,493.532035904845,3,884.4729495963377,0.39804049876785175,1543,230.613666503968,CUST74504,Wholesale,0.141202446892071,366.32055473377335,591.0434683947099,249,SUP3390
US-2021-100070,03/10/2023,03/13/2023,Mary O'Rourke,Chromcraft,Eldon Shelf Savers Cubes and Bins,Consumer,Furniture,Furnishings,West,77070,Evanston,Arkansas,United States,0.07426846512064383,138.36678025064438,2,415.8591003320161,-0.3023811783678245,610,250.8979129162881,CUST73340,Online,0.04420505860545498,380.11704668056103,1755.3661959538447,193,SUP8025
US-2021-100071,03/11/2023,03/14/2023,Paul Gonzalez,Other,Tops Wirebound Message Log Books,Corporate,Technology,Paper,South,98105,Huntsville,New York,United States,0.06222330697351741,187.51235017264486,1,115.77647901443127,0.2687781203226248,897,583.672214519546,CUST18696,Offline,0.1756363186131843,454.49149713675473,1052.816396985364,163,SUP9428
US-2021-100072,03/12/2023,03/15/2023,Ann Steele,Imation,Logitech 910-002974 M325 Wireless Mouse for Web Scrolling,Consumer,Office Supplies,Paper,West,42420,Columbus,Arizona,United States,0.0030970074475158427,397.67459600400286,3,842.1650077150418,-0.4436797789683524,1625,584.9917662549265,CUST37633,Offline,0.05355844159831161,104.33402381147681,128.38121401973973,300,SUP8621
US-2021-100073,03/13/2023,03/16/2023,Erin Ashbrook,Other,"Vinyl Coated Wire Paper Clips in Organizer Box, 800/Box",Corporate,Office Supplies,Appliances,South,60610,Decatur,Washington,United States,0.134581732899219,487.88684910438735,7,138.00923516806762,0.0354524294410864,709,258.7231070390069,CUST56645,Online,0.057536616196305325,55.81162011773322,689.8578639955981,485,SUP7395
US-2021-100074,03/14/2023,03/17/2023,Nathan Cano,Acco,"Strathmore #10 Envelopes, Ultimate White",Consumer,Office Supplies,Accessories,West,39401,Oceanside,Kentucky,United States,0.22820997031250229,54.6971072992784,2,956.3910150523228,0.4234174782308672,1044,271.72655912543826,CUST42007,Offline,0.1585543573765928,56.56661597364158,260.8385275462672,305,SUP1306
US-2021-100075,03/15/2023,03/18/2023,Dave Hallsten,Polycom,Xerox 1977,Consumer,Office Supplies,Accessories,West,19143,Oakland,Washington,United States,0.025693777058548584,316.1907822310362,7,947.5230415845165,-0.0380093540234262,1550,440.9334034331042,CUST38694,Offline,0.16608035709433674,111.95995883683231,701.9446208221035,274,SUP6653
US-2021-100076,03/16/2023,03/19/2023,Tracy Collins,Hoover,Wilson Jones Turn Tabs Binder Tool for Ring Binders,Consumer,Office Supplies,Phones,East,98105,Hesperia,Arizona,United States,0.19068677104739795,-22.123807198197625,6,77.61205147835186,-0.4708536027498923,305,703.5398451836788,CUST34657,Online,0.07362517828451008,279.1901962648332,294.0941912592872,197,SUP4527
US-2021-100077,03/17/2023,03/20/2023,Meg Tillman,LG,Eldon Advantage Foldable Chair Mats for Low Pile Carpets,Corporate,Office Supplies,Storage,West,77041,San Jose,Michigan,United States,0.24076694289471268,356.5794508321809,8,916.2151726136265,-0.40080364764814036,1361,355.4366350474148,CUST25615,Online,0.17996986492948477,55.511630901996746,-137.22910642935122,446,SUP5978
US-2021-100078,03/18/2023,03/21/2023,Tony Chapman,Other,Cameo Buff Policy Envelopes,Consumer,Furniture,Appliances,Central,55901,Huntsville,Texas,United States,0.39831469994241564,-66.93954901517543,6,396.4850069665389,-0.11152391817674823,515,140.3891468999539,CUST85956,Wholesale,0.1505531356584361,205.76649497163726,34.3369635909597,245,SUP1830
US-2021-100079,03/19/2023,03/22/2023,Dennis Kane,Boston,GBC Durable Plastic Covers,Consumer,Furniture,Binders,Central,33012,Frisco,California,United States,0.049663987838747925,242.4596076539671,1,274.2733025313517,-0.42325212264881695,99,833.0901408277134,CUST37243,Offline,0.16248813185376307,383.43709175100184,1991.1505396696957,154,SUP2745
US-2021-100080,03/20/2023,03/23/2023,David Wiener,Global,Hon Mobius Operator's Chair,Consumer,Technology,Furnishings,East,31907,Houston,California,United States,0.26124364862124705,152.3359284735105,8,53.58578226523009,0.49070389134461323,1395,685.924059840462,CUST33358,Wholesale,0.1782662007443956,66.39721840972604,146.81801236198078,103,SUP1195
US-2021-100081,03/21/2023,03/24/2023,Alan Barnes,Crayola,"Verbatim 25 GB 6x Blu-ray Single Layer Recordable Disc, 25/Pack",Consumer,Office Supplies,Art,Central,94122,Tallahassee,South Carolina,United States,0.19340679310558923,297.0517493903157,3,146.5655399767142,-0.41820726160256194,1407,988.1698568371664,CUST29126,Wholesale,0.0578435875179955,347.62672696948476,1452.5929700443785,353,SUP4203
US-2021-100082,03/22/2023,03/25/2023,Jane Waco,Global,Prang Colored Pencils,Corporate,Office Supplies,Chairs,East,94110,Virginia Beach,California,United States,0.08357002714302925,185.38220361739837,7,405.03261491452383,0.34501987471277673,1425,969.208249736331,CUST23560,Online,0.021848003689929542,390.1605897587601,924.6076156350398,263,SUP1067
US-2021-100083,03/23/2023,03/26/2023,Bryan Mills,Global,Storex Dura Pro Binders,Consumer,Technology,Binders,East,55044,Everett,Utah,United States,0.2369828018166235,68.81332257097355,1,843.6625040553881,-0.14784910552839747,731,775.2082506064346,CUST17849,Offline,0.04819328169294626,475.0566916531648,119.46632743781572,265,SUP5685
US-2021-100084,03/24/2023,03/27/2023,Michelle Ellison,Xerox,"Recycled Data-Pak for Archival Bound Computer Printouts, 12-1/2 x 12-1/2 x 16",Corporate,Office Supplies,Paper,Central,90032,Jackson,California,United States,0.352285488213323,-24.648776722191656,8,219.5396650120493,-0.42321763132384105,1789,199.48296449200225,CUST17244,Online,0.09128399894628594,164.32232805788087,777.6761763471291,347,SUP5104
US-2021-100085,03/25/2023,03/28/2023,William Brown,Other,Storex Dura Pro Binders,Consumer,Office Supplies,Binders,Central,10009,Chicago,Georgia,United States,0.41094632667873565,-15.927522664927523,4,274.0861425684617,0.4187930842200095,1003,107.05748618836044,CUST53450,Offline,0.14853753030584635,241.00124611906844,1233.606090392696,117,SUP2031
US-2021-100086,03/26/2023,03/29/2023,Sally Hughsby,Eldon,Eldon Simplefile Box Office,Consumer,Office Supplies,Binders,West,19143,Chicago,Texas,United States,0.14121493827428183,360.75355693965315,8,292.08079304955817,0.26892454372947294,416,256.5581177500029,CUST11011,Wholesale,0.13555257379690308,405.07982268677864,1770.5192292041597,150,SUP4069
US-2021-100087,03/27/2023,03/30/2023,Rick Duston,Other,DXL Angle-View Binders with Locking Rings by Samsill,Consumer,Technology,Art,East,10024,Jackson,Texas,United States,0.45040308597412076,107.04328292638698,6,607.7361391691101,0.28014922786846885,1374,139.24892171106592,CUST73358,Online,0.11741426332847352,217.8397770405659,1174.126518962635,236,SUP8368
US-2021-100088,03/28/2023,03/31/2023,Harold Ryan,Bush,Staple-based wall hangings,Consumer,Office Supplies,Paper,South,77041,Rochester,Texas,United States,0.2541399076062549,102.4984016345233,1,583.3514889359848,0.0344910165647615,1196,95.3750101034595,CUST97150,Offline,0.002710645157964287,196.35516542480318,1145.1743469774026,439,SUP3899
US-2021-100089,03/29/2023,04/01/2023,Bradley Nguyen,SAFCO,C-Line Cubicle Keepers Polyproplyene Holder With Velcro Backings,Home Office,Office Supplies,Art,West,48185,Beaumont,Pennsylvania,United States,0.36684881592449387,-41.666892179617854,4,45.44608674398819,-0.28353650169668243,290,720.4245351375255,CUST23725,Offline,0.052956981564053464,222.4078256366257,1294.4892910088251,318,SUP6659
US-2021-100090,03/30/2023,04/02/2023,Carlos Soltero,Fellowes,Ibico Ibimaster 300 Manual Binding System,Consumer,Technology,Appliances,South,1453,Nashville,Connecticut,United States,0.08626830405766428,478.9787483206659,9,463.46788603516165,-0.14799376225025251,47,185.0984010332546,CUST12798,Offline,0.10859993220794335,375.0012798084659,518.2656524846616,158,SUP4691
US-2021-100091,03/31/2023,04/03/2023,Marc Harrigan,Xerox,"Verbatim 25 GB 6x Blu-ray Single Layer Recordable Disc, 10/Pack",Corporate,Office Supplies,Paper,Central,94109,Seattle,Illinois,United States,0.3212018681860311,476.89555812458025,3,990.6952013688979,0.48073694544378576,1644,865.0058121059542,CUST77450,Online,0.18434492594893784,232.48995242694593,1381.953486505849,16,SUP5953
US-2021-100092,04/01/2023,04/04/2023,Bill Tyler,Xerox,Avoid Verbal Orders Carbonless Minifold Book,Home Office,Furniture,Furnishings,West,19120,New York City,Georgia,United States,0.30630419403898473,124.75712910160982,4,852.2046614888427,0.28583640781108943,485,108.51875767740394,CUST41307,Wholesale,0.17219723355766747,423.60970052449113,1356.0759883305982,287,SUP2181
US-2021-100093,04/02/2023,04/05/2023,Beth Paige,Martin-Yale,Panasonic KX-TG6844B Expandable Digital Cordless Telephone,Corporate,Office Supplies,Binders,Central,19805,Philadelphia,Oregon,United States,0.13293286759899436,-27.60604465024572,8,716.7911551770426,-0.049918986559798206,296,934.7064807655269,CUST68555,Wholesale,0.005243868834198806,195.98637006697462,1154.7965836197423,4,SUP2331
US-2021-100094,04/03/2023,04/06/2023,Doug O'Connell,Xerox,Xerox 204,Consumer,Office Supplies,Supplies,West,19134,Dublin,Maine,United States,0.11741336131900171,153.4707701439662,5,545.376565169149,-0.45268452384129754,1757,483.7962222857545,CUST54180,Online,0.19970129154919694,489.5741863801415,462.8064413107878,418,SUP3668
US-2021-100095,04/04/2023,04/07/2023,Joseph Airdo,Holmes,Catalog Binders with Expanding Posts,Corporate,Office Supplies,Appliances,West,80229,Denver,Michigan,United States,0.05261918147973932,-6.519977996604197,3,480.1421143335496,-0.1872430560059719,1331,121.64261862936861,CUST56350,Online,0.06345677601947215,245.29628836681448,1774.9245070987724,36,SUP1371
US-2021-100096,04/05/2023,04/08/2023,Chuck Magee,Other,Belkin 8 Outlet SurgeMaster II Gold Surge Protector,Consumer,Office Supplies,Art,West,38109,Salt Lake City,Pennsylvania,United States,0.06420686861544112,26.38462088287075,9,288.8029264685998,-0.24623957675951524,1606,266.31815054626793,CUST80386,Wholesale,0.12925374023981476,253.64309509938732,1799.2146688445523,123,SUP7526
US-2021-100097,04/06/2023,04/09/2023,Ivan Liston,Binney & Smith,GBC DocuBind 200 Manual Binding Machine,Home Office,Furniture,Phones,Central,95123,Los Angeles,Ohio,United States,0.4239309336226162,480.49215216804214,4,465.21250786713574,0.3081533102435309,953,748.4171105912143,CUST54882,Offline,0.008260113266074587,69.76164145972581,638.3815730814292,202,SUP8941
US-2021-100098,04/07/2023,04/10/2023,Bill Stewart,GE,GBC Wire Binding Strips,Corporate,Office Supplies,Phones,Central,10035,Seattle,California,United States,0.17019840099178807,243.34273539761415,7,451.9366762622734,0.4921429449353253,894,910.7056414905995,CUST16434,Wholesale,0.03251532349128388,288.1101169931976,1903.4381226165337,26,SUP9062
US-2021-100099,04/08/2023,04/11/2023,Brosina Hoffman,Other,Letter Size Cart,Corporate,Office Supplies,Tables,West,98103,Los Angeles,Massachusetts,United States,0.4766686411292183,375.30021540161505,4,250.19782666537523,0.4344174767844381,1290,550.342360479118,CUST13391,Wholesale,0.06342316343886911,18.67059187101174,1595.7106693360274,338,SUP3716
US-2021-100100,04/09/2023,04/12/2023,Doug O'Connell,Newell,Avery Binder Labels,Corporate,Office Supplies,Furnishings,East,10011,Seattle,California,United States,0.11581662029620532,-63.23969791196839,8,33.23733691858007,0.3922904047251524,229,668.5203307886366,CUST42166,Wholesale,0.18287014460316176,174.45978881569854,1975.9401822356394,253,SUP6000
